"","ID","Description","GeneRatio","BgRatio","RichFactor","FoldEnrichment","zScore","pvalue","p.adjust","qvalue","geneID","Count"
"GO:0030527","GO:0030527","structural constituent of chromatin","47/1355","98/18706",0.479591836734694,6.62084494314331,15.5901769006309,7.72586337917083e-28,6.93782531449541e-25,6.93782531449541e-25,"CENPA/H3C7/H3C11/H2BC6/H3C1/H3C10/H2AC11/H1-5/H2AC13/H4C12/H3C8/H3C2/H4C9/H2BC11/H1-1/H2BC7/H4C5/H2AC16/H2BC26/H2AC4/H2BC13/H1-6/H2BC17/H4C14/H2AC17/H2AC12/H3C12/H2BC18/H2AX/H4C13/H2BC3/H4C8/H2BC8/H4C4/H4C1/H2BC9/H1-3/H2AC20/HMGA1/H2BC10/H3C3/H4C2/H2BC12/H2AC25/H2BC14/H4C3/H2AZ1",47
"GO:0046982","GO:0046982","protein heterodimerization activity","60/1355","368/18706",0.16304347826087,2.25084229103161,6.77230845450453,2.38449338737475e-09,1.07063753093126e-06,1.07063753093126e-06,"PAFAH1B3/CENPA/H3C7/H3C11/H2BC6/APOA2/BIRC5/H3C1/H3C10/SYT5/H2AC11/PGLYRP3/H2AC13/GABBR2/H4C12/H3C8/KCNK9/H3C2/H4C9/H2BC11/H2BC7/H4C5/H2AC16/PGLYRP4/H2BC26/H2AC4/H2BC13/H2BC17/H4C14/AURKA/CENPW/FZD9/H2AC17/IL17F/H2AC12/H3C12/H2BC18/UGT1A6/H2AX/H4C13/H2BC3/H4C8/H2BC8/H4C4/H4C1/SIM2/H2BC9/KCNK5/H2AC20/H2BC10/H3C3/H4C2/H2BC12/SOHLH1/H2AC25/H2BC14/H4C3/H2AZ1/IL12B/TOP2A",60
"GO:0005125","GO:0005125","cytokine activity","44/1355","241/18706",0.182572614107884,2.52044525424507,6.6388201220447,1.06686148955928e-08,3.19347205874746e-06,3.19347205874746e-06,"IL27/IL17C/SLURP1/IL21/IL11/CXCL11/INHBE/WNT10A/SPP1/CXCL17/TNFSF13B/IFNL4/CXCL5/IFNL3/CCL7/IFNB1/IL36G/CCL25/LTA/WNT7A/CCL17/IFNA10/CXCL10/SECTM1/IL17F/CCL11/IL36RN/IFNL1/IFNG/BMP8A/IFNL2/OSM/LTB/ALKAL1/CCL1/CRLF1/INHBA/IL37/WNT6/CXCL9/IL19/IL12B/CCL20/CXCL8",44
"GO:0030280","GO:0030280","structural constituent of skin epidermis","18/1355","62/18706",0.290322580645161,4.00795143435305,6.62953956108719,2.31480108363905e-07,5.19672843276967e-05,5.19672843276967e-05,"KRT86/KRT34/KRT3/KRT75/KRT16/KRT81/KRT6A/PI3/KRT2/KRT72/KRT6B/KRT20/KRT78/KRT85/KRT38/KRT6C/KRT9/KRT83",18
"GO:0001228","GO:0001228","DNA-binding transcription activator activity, RNA polymerase II-specific","61/1355","452/18706",0.134955752212389,1.86308656891879,5.19075823459478,1.77825026227809e-06,0.000319373747105144,0.000319373747105144,"NKX6-1/E2F2/E2F3/NKX2-5/SOX14/OTX2/FOXJ1/FOXA2/PDX1/SPIB/TLX1/MYBL1/FOXL2/TFAP2D/FOXD1/DMRT1/EGR4/WT1/MSGN1/HOXD13/MAFA/RAX/OTX1/SIX3/MYCN/FOXC2/SOX11/E2F1/PHOX2B/GRHL3/HOXC13/PAX6/POU3F2/SIX2/EN2/LHX2/SPIC/NR2E1/PITX1/TBX20/RBPJL/FOXH1/ONECUT2/ASCL2/LHX3/ZIC3/GBX2/PAX5/HOXC11/NKX2-2/DLX5/SOX2/POU4F1/TLX2/MYBL2/HOXC10/ZIC1/SCX/FOXP3/BARHL2/MYOD1",61
"GO:0030594","GO:0030594","neurotransmitter receptor activity","21/1355","94/18706",0.223404255319149,3.08413284132841,5.66081615999896,2.79796353953688e-06,0.000406490866900242,0.000406490866900242,"CHRND/HTR1A/GABRA5/GPR158/CHRNA6/CHRNG/GABRQ/HTR2C/GABRD/HTR3A/CHRNA9/CHRNA5/CHRM3/HRH3/HTR6/HTR3B/GABRA3/GRIN2D/HTR1D/CHRNB4/GABRA1",21
"GO:0001216","GO:0001216","DNA-binding transcription activator activity","61/1355","460/18706",0.132608695652174,1.83068506337237,5.04101199691069,3.16863704710656e-06,0.000406490866900242,0.000406490866900242,"NKX6-1/E2F2/E2F3/NKX2-5/SOX14/OTX2/FOXJ1/FOXA2/PDX1/SPIB/TLX1/MYBL1/FOXL2/TFAP2D/FOXD1/DMRT1/EGR4/WT1/MSGN1/HOXD13/MAFA/RAX/OTX1/SIX3/MYCN/FOXC2/SOX11/E2F1/PHOX2B/GRHL3/HOXC13/PAX6/POU3F2/SIX2/EN2/LHX2/SPIC/NR2E1/PITX1/TBX20/RBPJL/FOXH1/ONECUT2/ASCL2/LHX3/ZIC3/GBX2/PAX5/HOXC11/NKX2-2/DLX5/SOX2/POU4F1/TLX2/MYBL2/HOXC10/ZIC1/SCX/FOXP3/BARHL2/MYOD1",61
"GO:0031490","GO:0031490","chromatin DNA binding","27/1355","146/18706",0.184931506849315,2.55301016023859,5.26438918129241,5.55702240788374e-06,0.000578050991943925,0.000578050991943925,"CENPA/H3C7/H3C11/H3C1/H3C10/H1-5/H3C8/H3C2/H1-1/FOXC2/VAX1/INSM1/GRHL3/H1-6/PAX6/H3C12/HMGA2/ZIC2/VAX2/ZIC3/H1-3/H3C3/EZH2/ZIC1/TBR1/MYOD1/H2AZ1",27
"GO:0005179","GO:0005179","hormone activity","26/1355","138/18706",0.188405797101449,2.60097331408097,5.27505899899189,5.79338410634223e-06,0.000578050991943925,0.000578050991943925,"UTS2/INHBE/EDN2/VGF/ADM2/FBN3/GH2/GAST/GAL/UCN3/SCT/CCL25/PNOC/REG1A/AMH/FBN2/ERFE/CALCA/RETN/CALCB/CCK/NPY/INHBA/MLN/CSH2/RETNLB",26
"GO:0031492","GO:0031492","nucleosomal DNA binding","15/1355","59/18706",0.254237288135593,3.50978797923572,5.39566284360153,1.40380188294529e-05,0.00126061409088487,0.00126061409088487,"CENPA/H3C7/H3C11/H3C1/H3C10/H1-5/H3C8/H3C2/H1-1/H1-6/H3C12/HMGA2/H1-3/H3C3/H2AZ1",15
"GO:0004869","GO:0004869","cysteine-type endopeptidase inhibitor activity","12/1355","40/18706",0.3,4.14154981549815,5.55820505168244,1.64951820560328e-05,0.00128796321098408,0.00128796321098408,"CSTL1/BIRC5/SERPINB3/PTTG1/CST1/LCN1/CST6/PTTG3P/CARD18/AHSG/CST2/CST4",12
"GO:0017116","GO:0017116","single-stranded DNA helicase activity","9/1355","23/18706",0.391304347826087,5.40202149847585,5.9030847624524,1.72110896790746e-05,0.00128796321098408,0.00128796321098408,"POLQ/CHTF18/DSCC1/RFC4/DNA2/MCM2/MCM4/PIF1/RAD51",9
"GO:0008017","GO:0008017","microtubule binding","41/1355","287/18706",0.142857142857143,1.97216657880865,4.63804395548106,2.27263481159436e-05,0.00156986620062441,0.00156986620062441,"KIF18A/RACGAP1/DIAPH3/BIRC5/PSRC1/KNL1/MAST1/FTCD/KIF4B/SPC24/KIF26B/CENPF/FSD1/S100A8/SPAG5/PRC1/KIF4A/KIF1A/KIF20A/MAP7D2/GTSE1/SKA1/GAS2L3/KIF15/KIF18B/PLK1/KIF11/KIF23/NDC80/KIF2C/S100A9/KIF14/JAKMIP1/KIFC1/DLGAP5/CENPE/SACK1D/SKA3/GJB6/NUF2/NEFH",41
"GO:0034987","GO:0034987","immunoglobulin receptor binding","8/1355","19/18706",0.421052631578947,5.81270149543601,5.86519130876196,2.72248209062576e-05,0.00174627779812995,0.00174627779812995,"IGHE/CLEC4D/IGHG1/IGHG3/IGHG2/IGHG4/CR2/ADAM8",8
"GO:0004252","GO:0004252","serine-type endopeptidase activity","29/1355","178/18706",0.162921348314607,2.24915626684357,4.67949244249565,3.18591663082784e-05,0.0019073020896556,0.0019073020896556,"TMPRSS15/MMP11/MMP3/MMP10/PCSK9/PRSS1/F2/PROC/PRSS27/MMP12/MMP1/F12/PRSS33/KLK10/TMPRSS4/PRSS41/KLK15/PRSS3/KLK6/PRSS56/MMP7/GZMB/PRSS2/RHBDL2/CTSV/PCSK1/MMP9/MMP13/ADAM8",29
"GO:0008236","GO:0008236","serine-type peptidase activity","31/1355","197/18706",0.157360406091371,2.1723865360481,4.62273189770445,3.46437496660811e-05,0.0019443804500088,0.0019443804500088,"TMPRSS15/MMP11/MMP3/MMP10/PCSK9/PRSS1/F2/PROC/PRSS27/MMP12/MMP1/F12/PRSS33/DPP10/KLK10/TMPRSS4/PRSS41/KLK15/PRSS3/KLK6/PRSS56/MMP7/GZMB/PRSS2/RHBDL2/CTSV/PCSK1/MMP9/MMP13/FAM111B/ADAM8",31
"GO:0017171","GO:0017171","serine hydrolase activity","31/1355","203/18706",0.152709359605911,2.10817806700234,4.43631876219566,6.22105621570304e-05,0.00328618145982431,0.00328618145982431,"TMPRSS15/MMP11/MMP3/MMP10/PCSK9/PRSS1/F2/PROC/PRSS27/MMP12/MMP1/F12/PRSS33/DPP10/KLK10/TMPRSS4/PRSS41/KLK15/PRSS3/KLK6/PRSS56/MMP7/GZMB/PRSS2/RHBDL2/CTSV/PCSK1/MMP9/MMP13/FAM111B/ADAM8",31
"GO:0015276","GO:0015276","ligand-gated monoatomic ion channel activity","29/1355","186/18706",0.155913978494624,2.15241836289331,4.41400072058198,7.2508942381956e-05,0.00361739056994425,0.00361739056994425,"CHRND/P2RX5/GABRA5/KCNJ4/CHRNA6/CHRNG/GABRQ/PACC1/GABRD/HTR3A/HCN2/CHRNA9/KCNJ18/CHRNA5/CNGB1/TRPM8/TRPA1/KCNJ6/CNGA2/MCOLN2/HTR3B/TTYH3/KCNH2/GABRA3/KCNJ10/GRIN2D/ASIC5/CHRNB4/GABRA1",29
"GO:0003777","GO:0003777","microtubule motor activity","15/1355","68/18706",0.220588235294118,3.04525721727805,4.72159775328042,8.42205611936564e-05,0.00386628896346307,0.00386628896346307,"KIF18A/KIF4B/KIF26B/KIF4A/KIF1A/KIF20A/KIF15/KIF18B/KIF11/KIF23/DNAH11/KIF2C/KIF14/KIFC1/CENPE",15
"GO:0022834","GO:0022834","ligand-gated channel activity","29/1355","188/18706",0.154255319148936,2.12952029520295,4.34972872344628,8.81722944044526e-05,0.00386628896346307,0.00386628896346307,"CHRND/P2RX5/GABRA5/KCNJ4/CHRNA6/CHRNG/GABRQ/PACC1/GABRD/HTR3A/HCN2/CHRNA9/KCNJ18/CHRNA5/CNGB1/TRPM8/TRPA1/KCNJ6/CNGA2/MCOLN2/HTR3B/TTYH3/KCNH2/GABRA3/KCNJ10/GRIN2D/ASIC5/CHRNB4/GABRA1",29
"GO:0030414","GO:0030414","peptidase inhibitor activity","28/1355","179/18706",0.156424581005587,2.15946731534354,4.35580796152154,9.04143298805395e-05,0.00386628896346307,0.00386628896346307,"SERPINB7/CSTL1/R3HDML/SLCO1B3/SERPINB2/BIRC5/NLRP7/SERPINB4/UMODL1/SERPINB3/SERPINE2/PTTG1/CST1/PCSK1N/LCN1/A2ML1/PI3/CST6/PTTG3P/SERPINB10/HMSD/CARD18/SMR3A/AHSG/SMR3B/CST2/SERPINB11/CST4",28
"GO:0022824","GO:0022824","transmitter-gated monoatomic ion channel activity","14/1355","62/18706",0.225806451612903,3.11729556005237,4.66652969112863,0.000110192822708718,0.00430231107793167,0.00430231107793167,"CHRND/GABRA5/CHRNA6/CHRNG/GABRQ/GABRD/HTR3A/CHRNA9/CHRNA5/HTR3B/GABRA3/GRIN2D/CHRNB4/GABRA1",14
"GO:0022835","GO:0022835","transmitter-gated channel activity","14/1355","62/18706",0.225806451612903,3.11729556005237,4.66652969112863,0.000110192822708718,0.00430231107793167,0.00430231107793167,"CHRND/GABRA5/CHRNA6/CHRNG/GABRQ/GABRD/HTR3A/CHRNA9/CHRNA5/HTR3B/GABRA3/GRIN2D/CHRNB4/GABRA1",14
"GO:0008188","GO:0008188","neuropeptide receptor activity","13/1355","57/18706",0.228070175438596,3.14854664336117,4.53984148038501,0.000172762558104054,0.00646419904906002,0.00646419904906002,"RXFP3/HCRTR2/PROKR2/CCKBR/NPFFR1/KISS1R/NPBWR1/GAL/MCHR2/NTSR1/GALR2/QRFPR/SORCS3",13
"GO:0005243","GO:0005243","gap junction channel activity","8/1355","24/18706",0.333333333333333,4.60172201722017,4.9339003826041,0.000191022345720216,0.00686152265827016,0.00686152265827016,"PANX3/GJB2/PANX2/GJB4/GJA3/GJD2/GJB3/GJB6",8
"GO:0022836","GO:0022836","gated channel activity","41/1355","317/18706",0.129337539432177,1.78552620857439,3.94182648568627,0.000215632083829475,0.00728748635607428,0.00728748635607428,"CHRND/P2RX5/GABRA5/KCNJ4/CHRNA6/CHRNG/KCNG1/CACNA1B/CACNG5/CACNA1E/GABRQ/PACC1/CALHM3/KCNK9/GABRD/HTR3A/HCN2/CHRNA9/KCNJ18/CHRNA5/CNGB1/CALHM6/TRPM8/TRPA1/KCNJ6/CNGA2/MCOLN2/HTR3B/TTYH3/KCNH2/KCNK5/GABRA3/KCNJ10/KCNG3/KCNV1/GRIN2D/KCNQ5/SCN1A/ASIC5/CHRNB4/GABRA1",41
"GO:0008009","GO:0008009","chemokine activity","12/1355","51/18706",0.235294117647059,3.24827436509659,4.49286137650191,0.000222874864434597,0.00728748635607428,0.00728748635607428,"CXCL11/CXCL17/CXCL5/CCL7/CCL25/CCL17/CXCL10/CCL11/CCL1/CXCL9/CCL20/CXCL8",12
"GO:0005230","GO:0005230","extracellular ligand-gated monoatomic ion channel activity","15/1355","74/18706",0.202702702702703,2.79834446993119,4.33156917882959,0.000229760972559837,0.00728748635607428,0.00728748635607428,"CHRND/P2RX5/GABRA5/CHRNA6/CHRNG/GABRQ/GABRD/HTR3A/CHRNA9/CHRNA5/HTR3B/GABRA3/GRIN2D/CHRNB4/GABRA1",15
"GO:0005126","GO:0005126","cytokine receptor binding","37/1355","278/18706",0.133093525179856,1.83737821550877,3.93089283041289,0.000243457227931212,0.00728748635607428,0.00728748635607428,"IL27/IL21/IL11/CXCL11/TFF2/CXCL17/TNFSF13B/CXCL5/GH2/TGFBR3L/CCL7/IFNB1/IL36G/CCL25/LTA/CCL17/IFNA10/CXCL10/S100A14/AMH/IL17F/CCL11/IL36RN/IFNL1/IFNG/OSM/LTB/RHEX/CCL1/CRLF1/IL37/CSH2/CXCL9/ADAM8/IL12B/CCL20/CXCL8",37
"GO:0120543","GO:0120543","macromolecular conformation isomerase activity","37/1355","278/18706",0.133093525179856,1.83737821550877,3.93089283041289,0.000243457227931212,0.00728748635607428,0.00728748635607428,"KIF18A/TDRD12/BLM/ERCC6L/KIF4B/POLQ/CHTF18/KIF26B/DSCC1/HELLS/KIF4A/KIF1A/KIF20A/MYO3B/RFC4/KIF15/KIF18B/BRIP1/DNA2/KIF11/MCM2/KIF23/DNAH11/DQX1/MYO3A/MCM4/KIF2C/RAD54L/KIF14/PIF1/KIFC1/DDX39A/MYH6/RECQL4/CENPE/RAD51/TOP2A",37
"GO:0004866","GO:0004866","endopeptidase inhibitor activity","26/1355","171/18706",0.152046783625731,2.09903109557411,4.03457682304518,0.00025252627528643,0.00731511597442627,0.00731511597442627,"SERPINB7/CSTL1/SLCO1B3/SERPINB2/BIRC5/NLRP7/SERPINB4/SERPINB3/SERPINE2/PTTG1/CST1/PCSK1N/LCN1/A2ML1/PI3/CST6/PTTG3P/SERPINB10/HMSD/CARD18/SMR3A/AHSG/SMR3B/CST2/SERPINB11/CST4",26
"GO:0003678","GO:0003678","DNA helicase activity","13/1355","60/18706",0.216666666666667,2.99111931119311,4.31684364283317,0.000297568307246777,0.00835051062211267,0.00835051062211267,"BLM/ERCC6L/POLQ/CHTF18/DSCC1/RFC4/BRIP1/DNA2/MCM2/MCM4/PIF1/RECQL4/RAD51",13
"GO:0099094","GO:0099094","ligand-gated monoatomic cation channel activity","22/1355","137/18706",0.160583941605839,2.21688797909877,3.99487206279768,0.000338368242801677,0.00920771763745169,0.00920771763745169,"CHRND/P2RX5/KCNJ4/CHRNA6/CHRNG/HTR3A/HCN2/CHRNA9/KCNJ18/CHRNA5/CNGB1/TRPM8/TRPA1/KCNJ6/CNGA2/MCOLN2/HTR3B/KCNH2/KCNJ10/GRIN2D/ASIC5/CHRNB4",22
"GO:0003823","GO:0003823","antigen binding","26/1355","178/18706",0.146067415730337,2.01648492889423,3.80787709986885,0.000477627900186762,0.0126149957166974,0.0126149957166974,"IGHV1-69-2/LAG3/IGHV3-23/SLC7A5/IGHV7-4-1/IGLV6-57/IGKV1-5/IGHV5-51/IGHV1-18/IGHE/TAP1/IGHV1-69D/IGHG1/IGHG3/CD1A/IGLV1-47/IGKV3-15/IGHG2/IGHV3-73/CD1B/IGHV3-20/IGHG4/IGLV3-21/IGHV3-21/IGHV3-33/IGHV1-69",26
"GO:1904315","GO:1904315","transmitter-gated monoatomic ion channel activity involved in regulation of postsynaptic membrane potential","11/1355","50/18706",0.22,3.03713653136531,4.030715278181,0.000745313593785993,0.0191226173491378,0.0191226173491378,"CHRND/GABRA5/CHRNA6/CHRNG/GABRD/CHRNA9/CHRNA5/GABRA3/GRIN2D/CHRNB4/GABRA1",11
"GO:0031491","GO:0031491","nucleosome binding","16/1355","92/18706",0.173913043478261,2.40089844376705,3.76415033909786,0.000872882912968311,0.0207089870721807,0.0207089870721807,"CENPA/H3C7/H3C11/H3C1/H3C10/H1-5/H3C8/H3C2/H1-1/H1-6/H3C12/HMGA2/H1-3/H3C3/EZH2/H2AZ1",16
"GO:0022848","GO:0022848","acetylcholine-gated monoatomic cation-selective channel activity","6/1355","17/18706",0.352941176470588,4.87241154764489,4.46374302098232,0.00088127919498768,0.0207089870721807,0.0207089870721807,"CHRND/CHRNA6/CHRNG/CHRNA9/CHRNA5/CHRNB4",6
"GO:0045236","GO:0045236","CXCR chemokine receptor binding","6/1355","17/18706",0.352941176470588,4.87241154764489,4.46374302098232,0.00088127919498768,0.0207089870721807,0.0207089870721807,"CXCL11/TFF2/CXCL5/CXCL10/CXCL9/CXCL8",6
"GO:0016917","GO:0016917","GABA receptor activity","7/1355","23/18706",0.304347826086957,4.20157227659233,4.29328946448486,0.000899388079972214,0.0207089870721807,0.0207089870721807,"GABRA5/GABBR2/GABRQ/GPR156/GABRD/GABRA3/GABRA1",7
"GO:0061134","GO:0061134","peptidase regulator activity","31/1355","237/18706",0.130801687763713,1.80573901941551,3.48845501545203,0.000998762424606917,0.0224222164324253,0.0224222164324253,"SERPINB7/FN1/CSTL1/R3HDML/SLCO1B3/SERPINB2/BIRC5/NLRP7/SERPINB4/UMODL1/SERPINB3/SERPINE2/PTTG1/CST1/PCSK1N/LCN1/A2ML1/PI3/CST6/TIFAB/PTTG3P/SERPINB10/HMSD/CARD18/SMR3A/AHSG/SMR3B/CST2/SERPINB11/AIM2/CST4",31
"GO:0000217","GO:0000217","DNA secondary structure binding","9/1355","37/18706",0.243243243243243,3.35801336391742,4.01211012661814,0.00104077092024812,0.0227954216190929,0.0227954216190929,"RAD51AP1/BLM/HMGB3/CLSPN/XRCC2/HMGA2/NEIL3/HMGA1/RECQL4",9
"GO:0042379","GO:0042379","chemokine receptor binding","14/1355","77/18706",0.181818181818182,2.510030191211,3.71041486135599,0.00114945648669348,0.0245764744059702,0.0245764744059702,"CXCL11/TFF2/CXCL17/CXCL5/CCL7/CCL25/CCL17/CXCL10/S100A14/CCL11/CCL1/CXCL9/CCL20/CXCL8",14
"GO:0008301","GO:0008301","DNA binding, bending","6/1355","18/18706",0.333333333333333,4.60172201722017,4.2721970865803,0.00124145139901299,0.025926124565434,0.025926124565434,"HMGB3/FOXD1/FOXL1/HMGA2/HMGA1/TOP2A",6
"GO:0061135","GO:0061135","endopeptidase regulator activity","27/1355","200/18706",0.135,1.86369741697417,3.43167845944833,0.00128303025814301,0.0261854811775552,0.0261854811775552,"SERPINB7/CSTL1/SLCO1B3/SERPINB2/BIRC5/NLRP7/SERPINB4/SERPINB3/SERPINE2/PTTG1/CST1/PCSK1N/LCN1/A2ML1/PI3/CST6/PTTG3P/SERPINB10/HMSD/CARD18/SMR3A/AHSG/SMR3B/CST2/SERPINB11/AIM2/CST4",27
"GO:0005216","GO:0005216","monoatomic ion channel activity","50/1355","445/18706",0.112359550561798,1.55114225299556,3.28827161419305,0.00131521221531404,0.0262457904300446,0.0262457904300446,"CHRND/SLC24A2/P2RX5/PANX3/GABRA5/UNC80/KCNJ4/CHRNA6/CHRNG/KCNG1/CACNA1B/SLC26A9/CACNG5/CACNA1E/GABRQ/PACC1/CALHM3/KCNK9/GABRD/HTR3A/HCN2/CHRNA9/KCNJ18/CHRNA5/CNGB1/CALHM6/BSND/TRPM8/TRPA1/KCNJ6/CNGA2/MCOLN2/HTR3B/TTYH3/KCNH2/KCNK5/OCA2/GABRA3/KCNJ10/KCNG3/OTOP1/SLC7A11/SLC5A8/KCNV1/GRIN2D/KCNQ5/SCN1A/ASIC5/CHRNB4/GABRA1",50
"GO:0005201","GO:0005201","extracellular matrix structural constituent","25/1355","181/18706",0.138121546961326,1.90679089111333,3.42573351863858,0.0013778749663782,0.0268985156479918,0.0268985156479918,"COL10A1/FN1/COL22A1/COL11A2/BGN/CTHRC1/FBN3/COL11A1/COL6A5/COL9A1/ESM1/AMELX/COMP/ACAN/FBN2/ZP4/CHI3L1/MUC5AC/COL9A3/OTOG/MUC5B/MFAP2/COL19A1/COL2A1/HAPLN1",25
"GO:0008528","GO:0008528","G protein-coupled peptide receptor activity","19/1355","124/18706",0.153225806451613,2.11530770146411,3.48213468247308,0.00148356137551999,0.0281184252887805,0.0281184252887805,"RXFP3/GHRHR/HCRTR2/OPRK1/PROKR2/CCKBR/NPFFR1/KISS1R/NPBWR1/GAL/MCHR2/GPR84/NTSR1/GALR2/QRFPR/OPRD1/SORCS3/RXFP1/AVPR1B",19
"GO:0003774","GO:0003774","cytoskeletal motor activity","18/1355","115/18706",0.156521739130435,2.16080859939034,3.48934901035972,0.00152699685920483,0.0281184252887805,0.0281184252887805,"KIF18A/KIF4B/KIF26B/KIF4A/KIF1A/KIF20A/MYO3B/KIF15/KIF18B/KIF11/KIF23/DNAH11/MYO3A/KIF2C/KIF14/KIFC1/MYH6/CENPE",18
"GO:0005539","GO:0005539","glycosaminoglycan binding","30/1355","233/18706",0.128755364806867,1.77748919120092,3.33725855064367,0.0015343016026172,0.0281184252887805,0.0281184252887805,"FN1/CCN4/BGN/CXCL11/PLA2G2D/NCAN/AOC1/PGLYRP3/TGFBR3L/SERPINE2/CCL7/H1-1/PGLYRP4/NRTN/F2/RSPO2/PODXL2/CXCL10/EPYC/COMP/HAPLN3/ACAN/SHH/RTN4R/APLP1/RSPO4/CEMIP/HMMR/HAPLN1/CXCL8",30
"GO:0008574","GO:0008574","plus-end-directed microtubule motor activity","6/1355","19/18706",0.315789473684211,4.35952612157701,4.09422097516711,0.00170415253680898,0.0306065795610892,0.0306065795610892,"KIF18A/KIF1A/KIF15/KIF18B/KIF11/KIF14",6
"GO:0015631","GO:0015631","tubulin binding","45/1355","396/18706",0.113636363636364,1.56876886950688,3.19687376686938,0.00178788067303303,0.0314807224388953,0.0314807224388953,"KIF18A/RACGAP1/DIAPH3/BIRC5/PSRC1/KNL1/NEFL/AGBL1/MAST1/FTCD/KIF4B/SPC24/KIF26B/CENPF/FSD1/S100A8/SPAG5/BRCA2/PRC1/KIF4A/KIF1A/KIF20A/MAP7D2/GTSE1/SKA1/GAS2L3/KIF15/STMN1/KIF18B/PLK1/KIF11/KIF23/NDC80/KIF2C/S100A9/KIF14/JAKMIP1/KIFC1/DLGAP5/CENPE/SACK1D/SKA3/GJB6/NUF2/NEFH",45
"GO:0061783","GO:0061783","peptidoglycan muralytic activity","5/1355","14/18706",0.357142857142857,4.93041644702161,4.11112752996406,0.00227832733553713,0.038745696736416,0.038745696736416,"PGLYRP3/LYZL2/PGLYRP4/LYZL1/LYZ",5
"GO:0015464","GO:0015464","acetylcholine receptor activity","6/1355","20/18706",0.3,4.14154981549815,3.92814061047682,0.0022867727472495,0.038745696736416,0.038745696736416,"CHRND/CHRNA6/CHRNG/CHRNA5/CHRM3/CHRNB4",6
"GO:0001653","GO:0001653","peptide receptor activity","19/1355","130/18706",0.146153846153846,2.01767811524269,3.25381052203704,0.00258881765639071,0.0430510788044233,0.0430510788044233,"RXFP3/GHRHR/HCRTR2/OPRK1/PROKR2/CCKBR/NPFFR1/KISS1R/NPBWR1/GAL/MCHR2/GPR84/NTSR1/GALR2/QRFPR/OPRD1/SORCS3/RXFP1/AVPR1B",19
"GO:0005261","GO:0005261","monoatomic cation channel activity","39/1355","338/18706",0.115384615384615,1.5929037751916,3.07395764627813,0.00266474264387118,0.0431376940343234,0.0431376940343234,"CHRND/SLC24A2/P2RX5/PANX3/UNC80/KCNJ4/CHRNA6/CHRNG/KCNG1/CACNA1B/CACNG5/CACNA1E/CALHM3/KCNK9/HTR3A/HCN2/CHRNA9/KCNJ18/CHRNA5/CNGB1/CALHM6/TRPM8/TRPA1/KCNJ6/CNGA2/MCOLN2/HTR3B/KCNH2/KCNK5/KCNJ10/KCNG3/OTOP1/SLC7A11/KCNV1/GRIN2D/KCNQ5/SCN1A/ASIC5/CHRNB4",39
"GO:0030020","GO:0030020","extracellular matrix structural constituent conferring tensile strength","9/1355","42/18706",0.214285714285714,2.95824986821297,3.55039470567902,0.00269010118699567,0.0431376940343234,0.0431376940343234,"COL10A1/COL22A1/COL11A2/COL11A1/COL6A5/COL9A1/COL9A3/COL19A1/COL2A1",9
"GO:0098960","GO:0098960","postsynaptic neurotransmitter receptor activity","7/1355","28/18706",0.25,3.45129151291513,3.62739659238674,0.00315770239155659,0.0497476622389091,0.0497476622389091,"CHRND/CHRNA6/CHRNG/CHRNA9/CHRNA5/CHRM3/CHRNB4",7
"GO:0099589","GO:0099589","serotonin receptor activity","5/1355","15/18706",0.333333333333333,4.60172201722017,3.89965152947468,0.00321538187511472,0.0497829814457417,0.0497829814457417,"HTR1A/HTR2C/HTR3A/HTR3B/HTR1D",5
